id,scenario,variant,expected,obtained,matched
few-shot-off,few_shot,without,"{""complete"":true,""conflict_signaled"":false,""fallback"":false,""grounded"":false,""iterations"":1,""schema"":true,""tool_correct"":true,""valid"":true}","{""complete"":true,""conflict_signaled"":false,""fallback"":false,""grounded"":false,""iterations"":1,""schema"":true,""tool_correct"":true,""valid"":true}",True
few-shot-on,few_shot,with,"{""complete"":true,""conflict_signaled"":false,""fallback"":false,""grounded"":true,""iterations"":1,""schema"":true,""tool_correct"":true,""valid"":true}","{""complete"":true,""conflict_signaled"":false,""fallback"":false,""grounded"":true,""iterations"":1,""schema"":true,""tool_correct"":true,""valid"":true}",True
schema-off,schema,without,"{""complete"":true,""conflict_signaled"":false,""fallback"":false,""grounded"":true,""iterations"":1,""schema"":false,""tool_correct"":true,""valid"":true}","{""complete"":true,""conflict_signaled"":false,""fallback"":false,""grounded"":true,""iterations"":1,""schema"":false,""tool_correct"":true,""valid"":true}",True
schema-on,schema,with,"{""complete"":true,""conflict_signaled"":false,""fallback"":false,""grounded"":true,""iterations"":1,""schema"":true,""tool_correct"":true,""valid"":true}","{""complete"":true,""conflict_signaled"":false,""fallback"":false,""grounded"":true,""iterations"":1,""schema"":true,""tool_correct"":true,""valid"":true}",True
tool-off,tool_usage,without,"{""complete"":false,""conflict_signaled"":false,""fallback"":false,""grounded"":false,""iterations"":1,""schema"":true,""tool_correct"":true,""valid"":true}","{""complete"":false,""conflict_signaled"":false,""fallback"":false,""grounded"":false,""iterations"":1,""schema"":true,""tool_correct"":true,""valid"":true}",True
tool-on,tool_usage,with,"{""complete"":true,""conflict_signaled"":false,""fallback"":false,""grounded"":true,""iterations"":2,""schema"":true,""tool_correct"":true,""valid"":true}","{""complete"":true,""conflict_signaled"":false,""fallback"":false,""grounded"":true,""iterations"":2,""schema"":true,""tool_correct"":true,""valid"":true}",True
one-tool,tool_sequence,one,"{""complete"":true,""conflict_signaled"":false,""fallback"":false,""grounded"":true,""iterations"":2,""schema"":true,""tool_correct"":true,""valid"":true}","{""complete"":true,""conflict_signaled"":false,""fallback"":false,""grounded"":true,""iterations"":2,""schema"":true,""tool_correct"":true,""valid"":true}",True
two-tools,tool_sequence,two_sequential,"{""complete"":true,""conflict_signaled"":false,""fallback"":false,""grounded"":true,""iterations"":3,""schema"":true,""tool_correct"":true,""valid"":true}","{""complete"":true,""conflict_signaled"":false,""fallback"":false,""grounded"":true,""iterations"":3,""schema"":true,""tool_correct"":true,""valid"":true}",True
evidence-insufficient,evidence,insufficient,"{""complete"":false,""conflict_signaled"":false,""fallback"":true,""grounded"":true,""iterations"":1,""schema"":true,""tool_correct"":true,""valid"":true}","{""complete"":false,""conflict_signaled"":false,""fallback"":true,""grounded"":true,""iterations"":1,""schema"":true,""tool_correct"":true,""valid"":true}",True
evidence-sufficient,evidence,sufficient,"{""complete"":true,""conflict_signaled"":false,""fallback"":false,""grounded"":true,""iterations"":1,""schema"":true,""tool_correct"":true,""valid"":true}","{""complete"":true,""conflict_signaled"":false,""fallback"":false,""grounded"":true,""iterations"":1,""schema"":true,""tool_correct"":true,""valid"":true}",True
response-normal,timeout,normal,"{""complete"":true,""conflict_signaled"":false,""fallback"":false,""grounded"":true,""iterations"":1,""schema"":true,""tool_correct"":true,""valid"":true}","{""complete"":true,""conflict_signaled"":false,""fallback"":false,""grounded"":true,""iterations"":1,""schema"":true,""tool_correct"":true,""valid"":true}",True
response-timeout,timeout,timeout,"{""complete"":true,""conflict_signaled"":false,""fallback"":true,""grounded"":true,""iterations"":1,""schema"":true,""tool_correct"":true,""valid"":true}","{""complete"":true,""conflict_signaled"":false,""fallback"":true,""grounded"":true,""iterations"":1,""schema"":true,""tool_correct"":true,""valid"":true}",True
local-fallback,engine,local,"{""complete"":true,""conflict_signaled"":false,""fallback"":true,""grounded"":true,""iterations"":1,""schema"":true,""tool_correct"":true,""valid"":true}","{""complete"":true,""conflict_signaled"":false,""fallback"":true,""grounded"":true,""iterations"":1,""schema"":true,""tool_correct"":true,""valid"":true}",True
mock-model,engine,mock,"{""complete"":true,""conflict_signaled"":false,""fallback"":false,""grounded"":true,""iterations"":1,""schema"":true,""tool_correct"":true,""valid"":true}","{""complete"":true,""conflict_signaled"":false,""fallback"":false,""grounded"":true,""iterations"":1,""schema"":true,""tool_correct"":true,""valid"":true}",True
config-conservative,configuration,conservative,"{""complete"":true,""conflict_signaled"":false,""fallback"":false,""grounded"":true,""iterations"":1,""schema"":true,""tool_correct"":true,""valid"":true}","{""complete"":true,""conflict_signaled"":false,""fallback"":false,""grounded"":true,""iterations"":1,""schema"":true,""tool_correct"":true,""valid"":true}",True
config-creative,configuration,creative,"{""complete"":true,""conflict_signaled"":false,""fallback"":false,""grounded"":false,""iterations"":1,""schema"":true,""tool_correct"":true,""valid"":true}","{""complete"":true,""conflict_signaled"":false,""fallback"":false,""grounded"":false,""iterations"":1,""schema"":true,""tool_correct"":true,""valid"":true}",True
tool-valid,tool_validity,valid,"{""complete"":true,""conflict_signaled"":false,""fallback"":false,""grounded"":true,""iterations"":2,""schema"":true,""tool_correct"":true,""valid"":true}","{""complete"":true,""conflict_signaled"":false,""fallback"":false,""grounded"":true,""iterations"":2,""schema"":true,""tool_correct"":true,""valid"":true}",True
tool-missing,tool_validity,missing,"{""complete"":false,""conflict_signaled"":false,""fallback"":true,""grounded"":true,""iterations"":2,""schema"":true,""tool_correct"":false,""valid"":true}","{""complete"":false,""conflict_signaled"":false,""fallback"":true,""grounded"":true,""iterations"":2,""schema"":true,""tool_correct"":false,""valid"":true}",True
response-complete,semantic_completeness,complete,"{""complete"":true,""conflict_signaled"":true,""fallback"":false,""grounded"":true,""iterations"":1,""schema"":true,""tool_correct"":true,""valid"":true}","{""complete"":true,""conflict_signaled"":true,""fallback"":false,""grounded"":true,""iterations"":1,""schema"":true,""tool_correct"":true,""valid"":true}",True
response-incomplete,semantic_completeness,incomplete,"{""complete"":false,""conflict_signaled"":false,""fallback"":false,""grounded"":true,""iterations"":1,""schema"":true,""tool_correct"":true,""valid"":false}","{""complete"":false,""conflict_signaled"":false,""fallback"":false,""grounded"":true,""iterations"":1,""schema"":true,""tool_correct"":true,""valid"":false}",True
